period,stdev,duty_cycle
33.25710427733524,79.34931692417317,0.3157894736842105
