period,stdev,false_alarm_probability
3.157200145825738,8.807882557634835,0.651
