period,stdev,false_alarm_probability
30.11661514683153,10.247533584707982,0.542
