period,stdev
110.59446817799122,58.43185716159812
