period,stdev,duty_cycle
29.938465084120768,168.78315993079067,0.10526315789473684
