period,stdev,false_alarm_probability
16.33007949892679,0.0040041975987950415,0.133
