period,stdev,false_alarm_probability
30.04832185529373,10.21175269908163,0.5700000000000001
