period,stdev,duty_cycle
16.559659928803168,0.006799210750916624,0.368421052631579
