period,stdev
49.184623278647614,0.21741967902313458
