period,stdev,duty_cycle
30.021605814606566,169.89706810185524,0.10526315789473684
