period,stdev
170.1956833348999,51.09194838317018
