period,stdev,duty_cycle
33.156237697188324,26.215809328950325,0.26315789473684215
