period,stdev
23.94092321422669,7.152020823119216e-15
