period,stdev,false_alarm_probability
3.158061172100081,8.801398306158486,0.6599999999999999
