period,stdev,duty_cycle
30.016960771867463,0.9908588647766369,0.10526315789473684
