period,stdev
122.31337234338983,108.5067033254399
